BOOKING NUMBER ,DEPARTURE DATE,ROUTE ,CLASIFICATION,AIRLINE,INTIAL FARE,ACTUAL FARE,CATEGORY,RESOLUTION TYPE
1394729381,12/4/2026,TPE-MEL,International,AK,1155000,1328250,Normal,Issued
1360743921,8/22/2026,DMK-CNX,Domestic,DD,2034000,2847600,Over Buffer,Refund
1324193207,4/12/2026,SIN-CGK,International,JT,820000,1148000,Fare Increase,Issued
1343650044,5/6/2026,TPE-MEL,International,TR,13901000,15986150,Normal,Issued
1329726387,8/5/2026,CGK-DPS,Domestic,JT,4195000,4824250,Fare Increase,Issued
1385334759,2/26/2026,SGN-HAN,Domestic,VZ,1635000,2289000,Normal,Issued
1351860028,4/28/2026,TPE-MEL,International,JT,927000,1297800,Normal,Issued
1324359029,9/18/2026,TPE-MEL,International,AK,1705000,1619750,Normal,Issued
1382513538,3/10/2026,SUB-SOQ,Domestic,QG,1379000,1310050,Over Buffer,Refund
1321455662,12/28/2026,CGK-DPS,Domestic,GA,9500000,23750000,Over Buffer,Refund
1317152879,5/20/2026,TPE-MEL,International,ID,8587000,9875050,Over Buffer,Refund
1397026610,12/24/2026,DMK-CNX,Domestic,OD,7828000,9002200,Normal,Issued
1338081361,12/11/2026,SIN-CGK,International,JT,918000,1055700,Over Buffer,Refund
1358698944,12/11/2026,SGN-HAN,Domestic,VZ,1541000,3852500,Normal,Issued
1300891981,3/18/2026,CGK-DPS,Domestic,QG,4797000,4557150,Normal,Issued
1326337048,1/23/2026,SGN-HAN,Domestic,VN,5512000,5236400,Normal,Issued
1388632447,5/26/2026,SUB-SOQ,Domestic,DD,1765000,2029750,Over Buffer,Refund
1333169058,8/3/2026,SGN-HAN,Domestic,VN,510000,1275000,Fare Increase,Issued
1307339235,3/16/2026,SIN-CGK,International,ID,1772000,2037800,Fare Increase,Issued
1347312510,10/21/2026,DMK-CNX,Domestic,DD,877000,1227800,Fare Increase,Issued
1392305195,10/5/2026,CGK-DPS,Domestic,QG,718000,1005200,Normal,Issued
1320028258,5/26/2026,SUB-SOQ,Domestic,D7,1589000,2224600,Fare Increase,Issued
1342088030,1/18/2026,TPE-MEL,International,TR,725000,688750,Fare Increase,Issued
1335356427,5/14/2026,CGK-DPS,Domestic,GA,9682000,11134300,Fare Increase,Issued
1382489328,1/26/2026,TPE-MEL,International,AK,1171000,1639400,Over Buffer,Refund
1353069083,2/21/2026,CGK-DPS,Domestic,QG,1415000,1627250,Normal,Issued
1316492337,11/27/2026,CGK-DPS,Domestic,GA,1005000,954750,Over Buffer,Refund
1303599888,4/27/2026,SIN-CGK,International,AK,13700000,34250000,Fare Increase,Issued
1339711290,10/2/2026,SUB-SOQ,Domestic,TR,942000,1318800,Normal,Issued
1393081873,3/1/2026,TPE-MEL,International,JT,1635000,1553250,Fare Increase,Issued
1390857469,11/25/2026,TPE-MEL,International,AK,584000,817600,Fare Increase,Issued
1399954014,6/5/2026,CGK-DPS,Domestic,QG,6214000,5903300,Fare Increase,Issued
1379962255,4/17/2026,SGN-HAN,Domestic,VU,9097000,8642150,Fare Increase,Issued
1315711293,9/15/2026,DMK-CNX,Domestic,SL,1224000,1162800,Normal,Issued
1355821724,7/23/2026,CGK-DPS,Domestic,GA,1952000,4880000,Fare Increase,Issued
1383009548,11/6/2026,SIN-CGK,International,AK,1757000,4392500,Fare Increase,Issued
1370860908,11/20/2026,TPE-MEL,International,SL,5314000,13285000,Fare Increase,Issued
1379046614,12/11/2026,SIN-CGK,International,JT,7835000,7443250,Over Buffer,Refund
1304190362,8/6/2026,CGK-DPS,Domestic,QG,1209000,3022500,Normal,Issued
1353288185,8/12/2026,SUB-SOQ,Domestic,JT,1003000,952850,Over Buffer,Refund
1360187784,6/18/2026,SIN-CGK,International,SL,598000,568100,Fare Increase,Issued
1361366264,4/1/2026,SIN-CGK,International,ID,814000,773300,Fare Increase,Issued
1363940235,10/23/2026,TPE-MEL,International,ID,974000,2435000,Over Buffer,Refund
1304338427,9/17/2026,DMK-CNX,Domestic,SL,1705000,2387000,Over Buffer,Refund
1390097408,2/8/2026,SUB-SOQ,Domestic,D7,1434000,2007600,Fare Increase,Issued
1330257995,7/6/2026,DMK-CNX,Domestic,SL,763000,1068200,Normal,Issued
1347195496,5/24/2026,DMK-CNX,Domestic,OD,469000,445550,Fare Increase,Issued
1336782057,7/26/2026,SUB-SOQ,Domestic,VA,7450000,10430000,Over Buffer,Refund
1374709064,10/20/2026,SGN-HAN,Domestic,VN,7482000,8604300,Normal,Issued
1315761736,8/2/2026,SIN-CGK,International,JT,10708000,12314200,Over Buffer,Refund
1319681872,5/26/2026,DMK-CNX,Domestic,OD,466000,1165000,Normal,Issued
1347655573,5/27/2026,CGK-DPS,Domestic,JT,1496000,1421200,Normal,Issued
1338796524,8/26/2026,SGN-HAN,Domestic,VN,1557000,3892500,Over Buffer,Refund
1312233010,12/28/2026,SIN-CGK,International,JT,462000,531300,Fare Increase,Issued
1310498920,1/23/2026,DMK-CNX,Domestic,OD,957000,909150,Fare Increase,Issued
1367254245,1/22/2026,SUB-SOQ,Domestic,GA,13869000,15949350,Normal,Issued
1350941591,5/28/2026,CGK-DPS,Domestic,GA,785000,1099000,Fare Increase,Issued
1326300593,6/10/2026,SIN-CGK,International,SL,1595000,2233000,Over Buffer,Refund
1363006822,6/11/2026,SIN-CGK,International,AK,1125000,1293750,Fare Increase,Issued
1366174708,6/14/2026,SUB-SOQ,Domestic,VA,2928000,2781600,Fare Increase,Issued
1335785870,12/25/2026,SIN-CGK,International,SL,7817000,8989550,Normal,Issued
1321592819,1/28/2026,CGK-DPS,Domestic,GA,6041000,8457400,Over Buffer,Refund
1374206227,10/6/2026,SIN-CGK,International,SL,1409000,1620350,Over Buffer,Refund
1396365288,12/4/2026,SIN-CGK,International,SL,3681000,9202500,Normal,Issued
1316909702,9/25/2026,CGK-DPS,Domestic,QG,1714000,1628300,Over Buffer,Refund
1384832786,9/19/2026,SUB-SOQ,Domestic,ID,978000,2445000,Normal,Issued
1382196745,2/21/2026,DMK-CNX,Domestic,SL,13296000,18614400,Fare Increase,Issued
1361731557,4/4/2026,DMK-CNX,Domestic,OD,5343000,7480200,Over Buffer,Refund
1324386715,4/11/2026,SUB-SOQ,Domestic,5J,1116000,2790000,Normal,Issued
1352453448,8/8/2026,DMK-CNX,Domestic,SL,1700000,4250000,Over Buffer,Refund
1339131655,4/11/2026,SGN-HAN,Domestic,VN,919000,1286600,Fare Increase,Issued
1336207881,10/21/2026,CGK-DPS,Domestic,QG,1674000,1590300,Normal,Issued
1399206967,8/13/2026,SUB-SOQ,Domestic,VZ,1692000,1945800,Over Buffer,Refund
1392059356,11/6/2026,SIN-CGK,International,JT,1541000,3852500,Normal,Issued
1350543497,7/3/2026,TPE-MEL,International,ID,979000,930050,Normal,Issued
1360194011,3/1/2026,SIN-CGK,International,JT,1594000,3985000,Normal,Issued
1340531240,9/11/2026,CGK-DPS,Domestic,JT,12909000,12263550,Fare Increase,Issued
1328862651,1/11/2026,CGK-DPS,Domestic,GA,656000,623200,Over Buffer,Refund
1370997187,9/2/2026,CGK-DPS,Domestic,QG,771000,1927500,Fare Increase,Issued
1349869029,2/8/2026,SUB-SOQ,Domestic,KT,673000,773950,Normal,Issued
1371133540,10/8/2026,CGK-DPS,Domestic,JT,1751000,2451400,Over Buffer,Refund
1343646633,4/9/2026,TPE-MEL,International,SL,747000,709650,Fare Increase,Issued
1320734366,10/12/2026,SGN-HAN,Domestic,VJ,4217000,4849550,Fare Increase,Issued
1348133293,2/2/2026,DMK-CNX,Domestic,DD,1276000,3190000,Fare Increase,Issued
1341408328,3/3/2026,SUB-SOQ,Domestic,SL,1330000,1529500,Over Buffer,Refund
1345861014,7/13/2026,TPE-MEL,International,SL,1531000,1760650,Over Buffer,Refund
1328304715,2/15/2026,TPE-MEL,International,TR,9059000,8606050,Normal,Issued
1330792242,8/10/2026,SIN-CGK,International,TR,1120000,2800000,Over Buffer,Refund
1352963696,9/4/2026,CGK-DPS,Domestic,JT,1689000,4222500,Normal,Issued
1343128800,12/23/2026,SIN-CGK,International,ID,1089000,1034550,Normal,Issued
1310136969,6/8/2026,SUB-SOQ,Domestic,GA,1091000,2727500,Fare Increase,Issued
1357084242,12/6/2026,CGK-DPS,Domestic,GA,668000,634600,Normal,Issued
1359091055,2/11/2026,TPE-MEL,International,TR,2069000,2379350,Fare Increase,Issued
1386745463,2/13/2026,TPE-MEL,International,JT,1165000,2912500,Normal,Issued
1369584459,4/12/2026,DMK-CNX,Domestic,DD,1605000,1524750,Fare Increase,Issued
1319767925,10/4/2026,SGN-HAN,Domestic,VU,14119000,35297500,Fare Increase,Issued
1391296566,7/22/2026,SUB-SOQ,Domestic,JT,1034000,1189100,Fare Increase,Issued
1371676881,11/7/2026,DMK-CNX,Domestic,DD,1358000,1290100,Fare Increase,Issued
1335186950,8/14/2026,DMK-CNX,Domestic,SL,1697000,4242500,Over Buffer,Refund
1306722794,9/28/2026,CGK-DPS,Domestic,JT,1293000,1228350,Fare Increase,Issued
1368598998,7/22/2026,SGN-HAN,Domestic,VU,1742000,1654900,Fare Increase,Issued
1309113296,7/10/2026,SUB-SOQ,Domestic,QZ,1569000,1490550,Fare Increase,Issued
1360722701,11/23/2026,TPE-MEL,International,ID,4334000,6067600,Fare Increase,Issued
1333380032,5/3/2026,SUB-SOQ,Domestic,TR,3642000,9105000,Normal,Issued
1369443278,4/24/2026,SGN-HAN,Domestic,VJ,1096000,1260400,Fare Increase,Issued
1369812327,5/1/2026,DMK-CNX,Domestic,OD,1176000,1117200,Over Buffer,Refund
1378081551,4/6/2026,DMK-CNX,Domestic,OD,1578000,3945000,Normal,Issued
1343288889,11/26/2026,DMK-CNX,Domestic,OD,1689000,2364600,Fare Increase,Issued
1384848484,11/15/2026,SIN-CGK,International,ID,987000,1135050,Normal,Issued
1317264844,11/13/2026,DMK-CNX,Domestic,DD,1021000,1174150,Over Buffer,Refund
1328072009,3/27/2026,DMK-CNX,Domestic,DD,786000,1965000,Over Buffer,Refund
1302737181,6/24/2026,SGN-HAN,Domestic,VN,1374000,3435000,Normal,Issued
1325803602,3/23/2026,SIN-CGK,International,SL,1467000,1393650,Normal,Issued
1311143302,9/13/2026,SUB-SOQ,Domestic,VN,3950000,9875000,Normal,Issued
1393982256,4/22/2026,SUB-SOQ,Domestic,5J,1894000,1799300,Normal,Issued
1334582796,9/26/2026,SGN-HAN,Domestic,VN,1673000,1589350,Fare Increase,Issued
1327943891,1/7/2026,SGN-HAN,Domestic,VU,12729000,17820600,Fare Increase,Issued
1363542910,5/26/2026,DMK-CNX,Domestic,DD,976000,927200,Fare Increase,Issued
1328047051,9/2/2026,TPE-MEL,International,ID,1749000,2011350,Over Buffer,Refund
1346316297,4/16/2026,DMK-CNX,Domestic,OD,3368000,3199600,Fare Increase,Issued
1382185201,3/18/2026,DMK-CNX,Domestic,SL,878000,1009700,Over Buffer,Refund
1373201798,11/14/2026,TPE-MEL,International,JT,685000,787750,Fare Increase,Issued
1391929561,8/10/2026,CGK-DPS,Domestic,JT,6565000,9191000,Fare Increase,Issued
1307863104,3/17/2026,SGN-HAN,Domestic,VU,3111000,3577650,Over Buffer,Refund
1321263158,5/17/2026,DMK-CNX,Domestic,DD,1388000,3470000,Over Buffer,Refund
1346187102,11/12/2026,SUB-SOQ,Domestic,IW,1059000,1217850,Normal,Issued
1328909128,12/2/2026,DMK-CNX,Domestic,OD,1308000,1831200,Normal,Issued
1325746924,9/8/2026,SUB-SOQ,Domestic,5J,13865000,19411000,Normal,Issued
1309018651,8/7/2026,SIN-CGK,International,ID,483000,555450,Fare Increase,Issued
1335459711,1/16/2026,TPE-MEL,International,JT,466000,442700,Over Buffer,Refund
1347673057,4/1/2026,CGK-DPS,Domestic,QG,1485000,1707750,Fare Increase,Issued
1341974413,12/23/2026,CGK-DPS,Domestic,JT,1776000,4440000,Over Buffer,Refund
1311790580,8/12/2026,DMK-CNX,Domestic,SL,737000,700150,Fare Increase,Issued
1396281167,5/20/2026,SGN-HAN,Domestic,VJ,730000,839500,Fare Increase,Issued
1325442553,11/3/2026,DMK-CNX,Domestic,SL,7013000,6662350,Fare Increase,Issued
1358364357,7/18/2026,SGN-HAN,Domestic,VZ,1484000,3710000,Over Buffer,Refund
1379421338,11/3/2026,DMK-CNX,Domestic,DD,9546000,23865000,Over Buffer,Refund
1359601985,9/28/2026,CGK-DPS,Domestic,QG,925000,878750,Fare Increase,Issued
1331619887,8/23/2026,CGK-DPS,Domestic,QG,1392000,1322400,Fare Increase,Issued
1350032903,8/26/2026,TPE-MEL,International,ID,1410000,1339500,Over Buffer,Refund
1327150084,12/1/2026,SIN-CGK,International,JT,1795000,1705250,Normal,Issued
1371371488,2/17/2026,SUB-SOQ,Domestic,5J,5222000,6005300,Fare Increase,Issued
1332226004,7/5/2026,SIN-CGK,International,TR,742000,853300,Fare Increase,Issued
1385359678,12/21/2026,DMK-CNX,Domestic,SL,603000,844200,Normal,Issued
1389063345,7/19/2026,SUB-SOQ,Domestic,IW,996000,2490000,Normal,Issued
1332134970,11/18/2026,SIN-CGK,International,SL,1286000,1478900,Over Buffer,Refund
1360104759,12/3/2026,SUB-SOQ,Domestic,5J,1577000,3942500,Fare Increase,Issued
1313997893,7/3/2026,CGK-DPS,Domestic,JT,881000,1233400,Fare Increase,Issued
1308792026,10/2/2026,TPE-MEL,International,TR,585000,672750,Over Buffer,Refund
1398334839,5/21/2026,SIN-CGK,International,ID,1243000,3107500,Fare Increase,Issued
1326201971,8/17/2026,SUB-SOQ,Domestic,VA,3528000,8820000,Fare Increase,Issued
1319354851,6/12/2026,CGK-DPS,Domestic,GA,669000,635550,Normal,Issued
1343788476,10/9/2026,DMK-CNX,Domestic,OD,5750000,5462500,Normal,Issued
1374408117,4/3/2026,TPE-MEL,International,AK,13164000,12505800,Fare Increase,Issued
1303184623,11/1/2026,SUB-SOQ,Domestic,QZ,4557000,6379800,Over Buffer,Refund
1357457496,5/25/2026,DMK-CNX,Domestic,SL,985000,2462500,Fare Increase,Issued
1385786712,1/10/2026,SUB-SOQ,Domestic,VU,8738000,12233200,Fare Increase,Issued
1333073531,9/23/2026,CGK-DPS,Domestic,QG,887000,2217500,Over Buffer,Refund
1334247423,1/8/2026,DMK-CNX,Domestic,DD,1123000,1291450,Fare Increase,Issued
1320230986,12/18/2026,CGK-DPS,Domestic,JT,564000,789600,Normal,Issued
1341943533,11/20/2026,TPE-MEL,International,ID,3534000,4064100,Fare Increase,Issued
1350127107,8/22/2026,CGK-DPS,Domestic,JT,1753000,4382500,Over Buffer,Refund
1307161109,9/8/2026,TPE-MEL,International,AK,526000,1315000,Fare Increase,Issued
1367956520,7/7/2026,SUB-SOQ,Domestic,SL,9487000,13281800,Over Buffer,Refund
1378677705,5/7/2026,CGK-DPS,Domestic,GA,7012000,8063800,Over Buffer,Refund
1329616079,12/17/2026,DMK-CNX,Domestic,DD,770000,1925000,Normal,Issued
1386448813,10/7/2026,SUB-SOQ,Domestic,QZ,1779000,1690050,Over Buffer,Refund
1373037910,9/1/2026,TPE-MEL,International,AK,1585000,1822750,Fare Increase,Issued
1303368963,8/25/2026,SGN-HAN,Domestic,VN,9992000,11490800,Fare Increase,Issued
1325436583,3/3/2026,SUB-SOQ,Domestic,JT,1201000,1140950,Normal,Issued
1315033885,11/22/2026,DMK-CNX,Domestic,OD,537000,510150,Fare Increase,Issued
1305194737,4/5/2026,SUB-SOQ,Domestic,VN,1771000,4427500,Fare Increase,Issued
1347848105,7/5/2026,CGK-DPS,Domestic,GA,3657000,4205550,Over Buffer,Refund
1336201514,5/7/2026,SUB-SOQ,Domestic,JT,900000,1035000,Fare Increase,Issued
1380784579,8/20/2026,SGN-HAN,Domestic,VZ,14719000,36797500,Over Buffer,Refund
1366813145,8/25/2026,SGN-HAN,Domestic,VN,7483000,10476200,Fare Increase,Issued
1322004004,6/22/2026,TPE-MEL,International,ID,1582000,2214800,Fare Increase,Issued
1361650573,9/8/2026,CGK-DPS,Domestic,QG,838000,796100,Normal,Issued
1393088059,2/26/2026,TPE-MEL,International,TR,2178000,2069100,Normal,Issued
1356423622,9/20/2026,TPE-MEL,International,AK,1420000,1633000,Fare Increase,Issued
1325852849,7/18/2026,SIN-CGK,International,SL,1286000,3215000,Normal,Issued
1360925453,2/21/2026,DMK-CNX,Domestic,OD,3791000,5307400,Fare Increase,Issued
1329918205,8/7/2026,TPE-MEL,International,AK,1403000,1613450,Normal,Issued
1398138454,4/5/2026,DMK-CNX,Domestic,SL,1394000,3485000,Normal,Issued
1344059481,7/9/2026,CGK-DPS,Domestic,JT,1250000,1750000,Fare Increase,Issued
1345708745,11/4/2026,CGK-DPS,Domestic,JT,5136000,4879200,Fare Increase,Issued
1396818712,1/13/2026,TPE-MEL,International,AK,574000,660100,Fare Increase,Issued
1325369715,4/16/2026,SGN-HAN,Domestic,VZ,1418000,3545000,Over Buffer,Refund
1398170252,3/8/2026,DMK-CNX,Domestic,SL,12459000,17442600,Normal,Issued
1374526071,1/8/2026,TPE-MEL,International,SL,771000,1927500,Fare Increase,Issued
1385805032,3/2/2026,SIN-CGK,International,TR,1388000,3470000,Over Buffer,Refund
1348262054,1/28/2026,CGK-DPS,Domestic,GA,1453000,1380350,Over Buffer,Refund
1398711316,3/1/2026,SUB-SOQ,Domestic,IW,791000,1977500,Over Buffer,Refund
1388436618,5/20/2026,DMK-CNX,Domestic,DD,1580000,1817000,Fare Increase,Issued
1334395741,10/7/2026,SIN-CGK,International,JT,6622000,9270800,Normal,Issued
1366012716,8/5/2026,SUB-SOQ,Domestic,SJ,681000,646950,Fare Increase,Issued
1321825812,12/15/2026,CGK-DPS,Domestic,QG,1445000,2023000,Normal,Issued
1342888088,6/2/2026,SUB-SOQ,Domestic,QG,705000,810750,Fare Increase,Issued
1362815904,1/25/2026,SIN-CGK,International,ID,488000,1220000,Fare Increase,Issued
1307614615,2/4/2026,SGN-HAN,Domestic,VJ,1680000,2352000,Fare Increase,Issued
1333267950,1/13/2026,TPE-MEL,International,ID,12688000,31720000,Normal,Issued
1345687862,5/18/2026,SIN-CGK,International,AK,1774000,2483600,Fare Increase,Issued
1310872102,12/11/2026,SUB-SOQ,Domestic,AK,1534000,2147600,Fare Increase,Issued
1397546444,3/28/2026,SUB-SOQ,Domestic,JT,735000,698250,Fare Increase,Issued
1396341498,1/3/2026,SIN-CGK,International,JT,1231000,1169450,Fare Increase,Issued
1306842899,8/23/2026,SUB-SOQ,Domestic,5J,13316000,18642400,Fare Increase,Issued
1305080777,9/22/2026,SGN-HAN,Domestic,VZ,3236000,3074200,Fare Increase,Issued
1346547210,12/24/2026,TPE-MEL,International,SL,1461000,2045400,Fare Increase,Issued
1329764752,2/17/2026,CGK-DPS,Domestic,QG,1076000,1022200,Over Buffer,Refund
1342446785,2/20/2026,SGN-HAN,Domestic,VZ,528000,501600,Fare Increase,Issued
1361338575,1/12/2026,SUB-SOQ,Domestic,AK,1390000,1946000,Over Buffer,Refund
1361850775,11/24/2026,SIN-CGK,International,AK,514000,719600,Normal,Issued
1326463567,6/15/2026,SGN-HAN,Domestic,VZ,503000,704200,Fare Increase,Issued
1351842967,10/23/2026,DMK-CNX,Domestic,OD,1063000,2657500,Over Buffer,Refund
1368755438,10/11/2026,SIN-CGK,International,JT,3017000,2866150,Normal,Issued
1356119288,3/2/2026,DMK-CNX,Domestic,DD,4366000,5020900,Fare Increase,Issued
1304938549,4/14/2026,DMK-CNX,Domestic,DD,1289000,3222500,Fare Increase,Issued
1304969168,11/24/2026,CGK-DPS,Domestic,GA,1341000,3352500,Fare Increase,Issued
1306228197,11/21/2026,DMK-CNX,Domestic,DD,957000,2392500,Fare Increase,Issued
1309802703,5/7/2026,DMK-CNX,Domestic,SL,849000,1188600,Fare Increase,Issued
1341122098,10/5/2026,SIN-CGK,International,JT,12022000,11420900,Normal,Issued
1335088611,1/20/2026,SUB-SOQ,Domestic,AK,500000,575000,Normal,Issued
1314914436,9/10/2026,CGK-DPS,Domestic,GA,1785000,1695750,Normal,Issued
1307764825,4/14/2026,DMK-CNX,Domestic,SL,933000,1306200,Fare Increase,Issued
1320535423,7/25/2026,SGN-HAN,Domestic,VU,9103000,10468450,Fare Increase,Issued
1331039545,6/11/2026,SGN-HAN,Domestic,VU,1441000,1657150,Over Buffer,Refund
1386973483,12/2/2026,SIN-CGK,International,JT,951000,903450,Fare Increase,Issued
1327754620,10/11/2026,CGK-DPS,Domestic,GA,1017000,1423800,Fare Increase,Issued
1358075319,12/4/2026,SUB-SOQ,Domestic,TR,633000,727950,Normal,Issued
1362685323,11/17/2026,SUB-SOQ,Domestic,OD,10017000,14023800,Normal,Issued
1333773356,12/9/2026,SUB-SOQ,Domestic,IT,729000,838350,Fare Increase,Issued
1305664795,1/12/2026,SIN-CGK,International,AK,551000,633650,Normal,Issued
1355904867,8/23/2026,TPE-MEL,International,TR,1720000,2408000,Normal,Issued
1353423061,6/23/2026,SGN-HAN,Domestic,VN,896000,1030400,Fare Increase,Issued
1365219546,8/11/2026,CGK-DPS,Domestic,JT,1111000,2777500,Fare Increase,Issued
1340507980,3/17/2026,SGN-HAN,Domestic,VJ,1067000,1227050,Over Buffer,Refund
1308691893,2/5/2026,SGN-HAN,Domestic,VN,1276000,3190000,Fare Increase,Issued
1334409699,12/10/2026,SGN-HAN,Domestic,VU,916000,870200,Normal,Issued
1345943579,12/9/2026,CGK-DPS,Domestic,QG,909000,1045350,Normal,Issued
1330654041,8/9/2026,SGN-HAN,Domestic,VN,1342000,3355000,Over Buffer,Refund
1319833465,6/11/2026,TPE-MEL,International,ID,9506000,9030700,Fare Increase,Issued
1376590044,7/22/2026,TPE-MEL,International,TR,1247000,1434050,Fare Increase,Issued
1393796256,12/19/2026,SGN-HAN,Domestic,VJ,603000,844200,Normal,Issued
1352110432,3/13/2026,DMK-CNX,Domestic,SL,1057000,1479800,Fare Increase,Issued
1362324253,11/28/2026,SUB-SOQ,Domestic,QZ,12549000,14431350,Fare Increase,Issued
1398662179,3/20/2026,DMK-CNX,Domestic,SL,614000,859600,Normal,Issued
1351422613,2/19/2026,TPE-MEL,International,ID,1675000,1591250,Normal,Issued
1399490698,4/23/2026,DMK-CNX,Domestic,SL,833000,791350,Normal,Issued
1303571172,9/14/2026,SUB-SOQ,Domestic,VZ,1642000,1559900,Normal,Issued
1391791403,3/15/2026,DMK-CNX,Domestic,OD,1573000,1808950,Over Buffer,Refund
1392652546,1/4/2026,TPE-MEL,International,JT,6517000,7494550,Fare Increase,Issued
1310804566,5/4/2026,SGN-HAN,Domestic,VU,818000,2045000,Normal,Issued
1314726130,4/26/2026,DMK-CNX,Domestic,DD,12848000,17987200,Fare Increase,Issued
1385184633,9/24/2026,CGK-DPS,Domestic,JT,1070000,1498000,Normal,Issued
1322023173,3/6/2026,SGN-HAN,Domestic,VZ,9776000,9287200,Normal,Issued
1388316307,1/8/2026,TPE-MEL,International,TR,1328000,1261600,Fare Increase,Issued
1302003380,8/18/2026,CGK-DPS,Domestic,GA,636000,890400,Fare Increase,Issued
1300562977,1/19/2026,SGN-HAN,Domestic,VN,12980000,12331000,Fare Increase,Issued
1387956019,4/13/2026,DMK-CNX,Domestic,OD,555000,527250,Over Buffer,Refund
1309456400,5/9/2026,DMK-CNX,Domestic,OD,1488000,1711200,Normal,Issued
1329967401,2/21/2026,SGN-HAN,Domestic,VU,4518000,6325200,Fare Increase,Issued
1308121006,5/22/2026,SGN-HAN,Domestic,VZ,13357000,33392500,Normal,Issued
1357944083,4/23/2026,SGN-HAN,Domestic,VU,1160000,1624000,Fare Increase,Issued
1394134707,6/25/2026,CGK-DPS,Domestic,JT,6940000,6593000,Fare Increase,Issued
1354921821,2/23/2026,SGN-HAN,Domestic,VJ,2185000,2075750,Fare Increase,Issued
1301736970,11/10/2026,DMK-CNX,Domestic,DD,1527000,3817500,Normal,Issued
1397560959,11/6/2026,SIN-CGK,International,TR,1244000,1430600,Fare Increase,Issued
1357791741,8/19/2026,CGK-DPS,Domestic,GA,6488000,9083200,Normal,Issued
1350299376,2/25/2026,SUB-SOQ,Domestic,AK,513000,487350,Fare Increase,Issued
1356999076,10/2/2026,SUB-SOQ,Domestic,OD,610000,854000,Fare Increase,Issued
1354186160,12/24/2026,SIN-CGK,International,AK,14440000,16606000,Normal,Issued
1333137860,10/20/2026,SUB-SOQ,Domestic,VN,2520000,2394000,Fare Increase,Issued
1385347506,10/10/2026,DMK-CNX,Domestic,DD,585000,555750,Fare Increase,Issued
1322038591,4/17/2026,SGN-HAN,Domestic,VZ,789000,749550,Over Buffer,Refund
1371047850,11/16/2026,SGN-HAN,Domestic,VU,1745000,1657750,Fare Increase,Issued
1387768488,5/24/2026,SGN-HAN,Domestic,VN,1312000,3280000,Fare Increase,Issued
1313423634,2/2/2026,TPE-MEL,International,AK,1511000,1737650,Normal,Issued
1318211500,6/15/2026,CGK-DPS,Domestic,JT,5498000,5223100,Over Buffer,Refund
1347516192,9/7/2026,SIN-CGK,International,AK,548000,630200,Fare Increase,Issued
1399706733,5/15/2026,SGN-HAN,Domestic,VJ,10106000,9600700,Normal,Issued
1336858773,2/27/2026,SIN-CGK,International,ID,915000,869250,Normal,Issued
1395346016,12/14/2026,SUB-SOQ,Domestic,VZ,904000,1265600,Normal,Issued
1317537594,10/2/2026,DMK-CNX,Domestic,DD,2422000,2785300,Over Buffer,Refund
1378413113,7/22/2026,TPE-MEL,International,AK,6860000,7889000,Normal,Issued
1341617580,12/22/2026,SUB-SOQ,Domestic,VA,1692000,4230000,Over Buffer,Refund
1394574236,6/3/2026,SUB-SOQ,Domestic,SJ,1150000,1092500,Fare Increase,Issued
1339682138,5/26/2026,SIN-CGK,International,SL,7995000,11193000,Normal,Issued
1334915333,12/3/2026,SIN-CGK,International,SL,1715000,1629250,Fare Increase,Issued
1336877592,12/23/2026,CGK-DPS,Domestic,JT,3486000,4008900,Over Buffer,Refund
1320691815,8/2/2026,TPE-MEL,International,JT,1722000,1980300,Normal,Issued
1379483487,6/13/2026,TPE-MEL,International,SL,1226000,1716400,Fare Increase,Issued
1311449317,8/17/2026,SUB-SOQ,Domestic,VA,951000,903450,Normal,Issued
1392169781,9/23/2026,SGN-HAN,Domestic,VN,1120000,1568000,Fare Increase,Issued
1315540494,11/26/2026,SIN-CGK,International,JT,1385000,1315750,Over Buffer,Refund
1317582671,10/21/2026,CGK-DPS,Domestic,QG,930000,1069500,Over Buffer,Refund
1378366065,2/15/2026,SGN-HAN,Domestic,VN,1248000,1747200,Normal,Issued
1337867246,10/10/2026,SIN-CGK,International,SL,10804000,10263800,Fare Increase,Issued
1354083953,12/4/2026,SIN-CGK,International,JT,13867000,19413800,Fare Increase,Issued
1335644095,6/4/2026,SGN-HAN,Domestic,VN,13298000,15292700,Fare Increase,Issued
1394047080,1/2/2026,CGK-DPS,Domestic,QG,8599000,21497500,Fare Increase,Issued
1383578262,4/10/2026,CGK-DPS,Domestic,QG,2901000,3336150,Over Buffer,Refund
1355648330,8/4/2026,SUB-SOQ,Domestic,FD,1142000,1598800,Normal,Issued
1316094195,12/20/2026,CGK-DPS,Domestic,GA,12674000,12040300,Over Buffer,Refund
1302184489,8/3/2026,SIN-CGK,International,JT,622000,1555000,Over Buffer,Refund
1313394516,3/20/2026,SGN-HAN,Domestic,VN,6007000,6908050,Fare Increase,Issued
1314224501,3/4/2026,SIN-CGK,International,ID,832000,790400,Fare Increase,Issued
1341440196,11/8/2026,DMK-CNX,Domestic,DD,7440000,7068000,Fare Increase,Issued
1310020189,1/12/2026,DMK-CNX,Domestic,OD,8549000,8121550,Fare Increase,Issued
1336964867,3/21/2026,TPE-MEL,International,ID,1751000,4377500,Fare Increase,Issued
1303779991,1/13/2026,SIN-CGK,International,TR,13187000,12527650,Over Buffer,Refund
1394258449,3/25/2026,CGK-DPS,Domestic,QG,10743000,26857500,Fare Increase,Issued
1351001660,1/4/2026,SGN-HAN,Domestic,VN,1014000,1166100,Over Buffer,Refund
1311009489,4/18/2026,SIN-CGK,International,SL,697000,662150,Normal,Issued
1307204171,8/13/2026,SGN-HAN,Domestic,VZ,14512000,16688800,Normal,Issued
1339898844,1/10/2026,TPE-MEL,International,TR,4184000,10460000,Normal,Issued
1385800388,5/21/2026,TPE-MEL,International,AK,14487000,13762650,Over Buffer,Refund
1397158804,5/17/2026,SUB-SOQ,Domestic,VN,2781000,3893400,Fare Increase,Issued
1350811181,8/5/2026,SUB-SOQ,Domestic,VA,652000,619400,Fare Increase,Issued
1320533848,4/7/2026,CGK-DPS,Domestic,QG,1315000,1841000,Fare Increase,Issued
1336752091,11/3/2026,DMK-CNX,Domestic,OD,1423000,3557500,Fare Increase,Issued
1388896126,10/27/2026,CGK-DPS,Domestic,QG,6986000,17465000,Over Buffer,Refund
1300250810,9/5/2026,SUB-SOQ,Domestic,D7,1113000,1057350,Fare Increase,Issued
1301387742,10/26/2026,TPE-MEL,International,TR,1565000,2191000,Over Buffer,Refund
1382516233,5/23/2026,SIN-CGK,International,ID,930000,1069500,Normal,Issued
1322902495,9/28/2026,SIN-CGK,International,AK,1487000,2081800,Over Buffer,Refund
1388228315,1/21/2026,SIN-CGK,International,TR,4655000,5353250,Fare Increase,Issued
1387813655,5/17/2026,SIN-CGK,International,TR,10947000,27367500,Fare Increase,Issued
1362115577,4/4/2026,SUB-SOQ,Domestic,SJ,1620000,1539000,Fare Increase,Issued
1388246686,10/16/2026,TPE-MEL,International,SL,3844000,9610000,Over Buffer,Refund
1399609974,8/1/2026,SUB-SOQ,Domestic,SL,10481000,26202500,Over Buffer,Refund
1375343012,1/12/2026,TPE-MEL,International,ID,603000,693450,Fare Increase,Issued
1350504854,3/12/2026,CGK-DPS,Domestic,JT,1777000,2043550,Fare Increase,Issued
1360632891,7/3/2026,SIN-CGK,International,AK,1379000,1930600,Fare Increase,Issued
1335291936,11/10/2026,SIN-CGK,International,JT,2158000,3021200,Fare Increase,Issued
1303914120,4/10/2026,SUB-SOQ,Domestic,TR,959000,1102850,Normal,Issued
1371430878,7/18/2026,SIN-CGK,International,JT,6891000,17227500,Fare Increase,Issued
1318313187,12/27/2026,SIN-CGK,International,JT,821000,1149400,Fare Increase,Issued
1312635705,8/24/2026,CGK-DPS,Domestic,GA,751000,1877500,Fare Increase,Issued
1362193497,6/3/2026,CGK-DPS,Domestic,GA,12389000,11769550,Normal,Issued
1307584660,4/8/2026,SIN-CGK,International,ID,549000,521550,Over Buffer,Refund
1341291322,4/7/2026,SIN-CGK,International,TR,1301000,1235950,Fare Increase,Issued
1337324395,8/12/2026,TPE-MEL,International,SL,531000,1327500,Normal,Issued
1328235747,2/5/2026,SIN-CGK,International,ID,1536000,1766400,Normal,Issued
1352909509,5/3/2026,CGK-DPS,Domestic,JT,11227000,12911050,Over Buffer,Refund
1356088965,8/15/2026,SUB-SOQ,Domestic,VN,11734000,16427600,Normal,Issued
1399169646,12/12/2026,SUB-SOQ,Domestic,JT,1090000,1253500,Over Buffer,Refund
1338684725,5/15/2026,TPE-MEL,International,AK,1183000,2957500,Fare Increase,Issued
1327417189,5/5/2026,CGK-DPS,Domestic,JT,1786000,2500400,Over Buffer,Refund
1364615064,7/22/2026,DMK-CNX,Domestic,SL,1093000,2732500,Over Buffer,Refund
1302699913,8/14/2026,DMK-CNX,Domestic,SL,2750000,2612500,Fare Increase,Issued
1350300735,1/14/2026,CGK-DPS,Domestic,QG,1780000,4450000,Fare Increase,Issued
1340977671,7/10/2026,TPE-MEL,International,AK,8680000,12152000,Normal,Issued
1387573490,10/28/2026,SIN-CGK,International,JT,675000,945000,Fare Increase,Issued
1342286588,9/14/2026,DMK-CNX,Domestic,OD,459000,642600,Normal,Issued
1394805658,9/17/2026,TPE-MEL,International,SL,1530000,3825000,Over Buffer,Refund
1349286167,6/1/2026,TPE-MEL,International,SL,883000,2207500,Fare Increase,Issued
1360363692,4/27/2026,DMK-CNX,Domestic,SL,1616000,1858400,Normal,Issued
1371115179,4/3/2026,SGN-HAN,Domestic,VJ,798000,1117200,Fare Increase,Issued
1330869793,9/9/2026,SUB-SOQ,Domestic,GA,11167000,12842050,Over Buffer,Refund
1392574477,11/23/2026,TPE-MEL,International,TR,3337000,4671800,Fare Increase,Issued
1342573570,12/24/2026,SGN-HAN,Domestic,VU,734000,697300,Fare Increase,Issued
1393484634,7/8/2026,TPE-MEL,International,TR,1571000,1806650,Over Buffer,Refund
1365521344,1/12/2026,SGN-HAN,Domestic,VJ,1785000,2499000,Fare Increase,Issued
1345621948,1/24/2026,SUB-SOQ,Domestic,VJ,565000,791000,Normal,Issued
1340933398,6/15/2026,SIN-CGK,International,TR,1662000,1578900,Over Buffer,Refund
1330718570,1/19/2026,DMK-CNX,Domestic,DD,14566000,36415000,Normal,Issued
1351341430,11/9/2026,DMK-CNX,Domestic,SL,14355000,20097000,Fare Increase,Issued
1336234626,9/5/2026,SGN-HAN,Domestic,VN,6779000,6440050,Fare Increase,Issued
1399994045,8/27/2026,DMK-CNX,Domestic,DD,1735000,1648250,Fare Increase,Issued
1372398035,4/13/2026,TPE-MEL,International,JT,1221000,3052500,Fare Increase,Issued
1365514605,9/26/2026,TPE-MEL,International,JT,570000,541500,Fare Increase,Issued
1308599438,5/25/2026,DMK-CNX,Domestic,SL,1062000,2655000,Normal,Issued
1384812365,11/26/2026,SGN-HAN,Domestic,VN,1317000,1514550,Fare Increase,Issued
1326676158,12/22/2026,DMK-CNX,Domestic,OD,5221000,13052500,Fare Increase,Issued
1342136823,8/18/2026,SUB-SOQ,Domestic,IT,9981000,24952500,Over Buffer,Refund
1317783603,10/4/2026,TPE-MEL,International,ID,947000,1325800,Over Buffer,Refund
1365571117,10/1/2026,CGK-DPS,Domestic,JT,1578000,2209200,Fare Increase,Issued
1326110870,11/7/2026,SIN-CGK,International,TR,1232000,1170400,Fare Increase,Issued
1360139889,6/19/2026,DMK-CNX,Domestic,DD,1097000,1261550,Normal,Issued
1342137616,4/17/2026,SGN-HAN,Domestic,VU,10481000,9956950,Over Buffer,Refund
1315330315,10/18/2026,DMK-CNX,Domestic,DD,905000,2262500,Fare Increase,Issued
1328752597,5/6/2026,SUB-SOQ,Domestic,Z2,1872000,2620800,Normal,Issued
1385773418,10/23/2026,DMK-CNX,Domestic,OD,732000,695400,Normal,Issued
1391473576,11/16/2026,CGK-DPS,Domestic,QG,475000,665000,Normal,Issued
1349001425,4/9/2026,SIN-CGK,International,JT,650000,1625000,Normal,Issued
1378149684,10/2/2026,TPE-MEL,International,ID,2324000,2672600,Over Buffer,Refund
1330792386,2/4/2026,SUB-SOQ,Domestic,D7,12803000,17924200,Fare Increase,Issued
1370628807,9/16/2026,SUB-SOQ,Domestic,GA,560000,1400000,Fare Increase,Issued
1364155398,7/26/2026,DMK-CNX,Domestic,DD,1207000,1388050,Normal,Issued
1350485029,7/12/2026,CGK-DPS,Domestic,QG,1218000,1157100,Normal,Issued
1315330365,6/8/2026,SGN-HAN,Domestic,VJ,1107000,2767500,Over Buffer,Refund
1330388056,12/23/2026,TPE-MEL,International,ID,984000,934800,Normal,Issued
1392420002,10/7/2026,TPE-MEL,International,SL,11537000,16151800,Fare Increase,Issued
1322233201,12/13/2026,SIN-CGK,International,JT,1268000,1775200,Over Buffer,Refund
1317895579,5/25/2026,CGK-DPS,Domestic,JT,820000,1148000,Over Buffer,Refund
1300725806,8/18/2026,CGK-DPS,Domestic,GA,1166000,1632400,Normal,Issued
1333991503,12/25/2026,DMK-CNX,Domestic,SL,1499000,1723850,Fare Increase,Issued
1337528140,4/26/2026,SGN-HAN,Domestic,VN,14865000,14121750,Over Buffer,Refund
1354008945,8/14/2026,SUB-SOQ,Domestic,VJ,989000,1137350,Fare Increase,Issued
1354943526,7/5/2026,SIN-CGK,International,ID,4664000,6529600,Fare Increase,Issued
1327180229,11/5/2026,SIN-CGK,International,AK,584000,1460000,Fare Increase,Issued
1340857238,2/13/2026,DMK-CNX,Domestic,SL,1408000,3520000,Normal,Issued
1349710306,4/1/2026,DMK-CNX,Domestic,OD,2698000,3777200,Fare Increase,Issued
1397515001,4/24/2026,DMK-CNX,Domestic,DD,964000,1108600,Over Buffer,Refund
1399929132,5/21/2026,DMK-CNX,Domestic,SL,14968000,14219600,Fare Increase,Issued
1367748473,12/24/2026,TPE-MEL,International,JT,3520000,8800000,Fare Increase,Issued
1366491064,5/26/2026,SGN-HAN,Domestic,VN,1638000,2293200,Fare Increase,Issued
1303316084,6/24/2026,TPE-MEL,International,JT,1720000,1634000,Fare Increase,Issued
1360888925,9/6/2026,SGN-HAN,Domestic,VU,530000,503500,Fare Increase,Issued
1353792961,1/7/2026,DMK-CNX,Domestic,SL,3805000,3614750,Over Buffer,Refund
1390168492,9/23/2026,DMK-CNX,Domestic,OD,1513000,1437350,Fare Increase,Issued
1361403591,12/12/2026,TPE-MEL,International,TR,480000,1200000,Fare Increase,Issued
1313902983,10/12/2026,SIN-CGK,International,ID,1118000,1565200,Fare Increase,Issued
1330646143,2/17/2026,SUB-SOQ,Domestic,TR,1757000,2459800,Over Buffer,Refund
1317798993,4/3/2026,SUB-SOQ,Domestic,Z2,473000,449350,Over Buffer,Refund
1392621267,6/21/2026,CGK-DPS,Domestic,QG,839000,797050,Fare Increase,Issued
1321649669,9/26/2026,SGN-HAN,Domestic,VJ,1569000,3922500,Fare Increase,Issued
1326576579,12/2/2026,SGN-HAN,Domestic,VZ,1076000,1022200,Normal,Issued
1363934661,1/11/2026,SIN-CGK,International,TR,800000,920000,Normal,Issued
1317049052,12/16/2026,SGN-HAN,Domestic,VZ,1354000,3385000,Normal,Issued
1301709312,3/15/2026,SGN-HAN,Domestic,VU,1506000,3765000,Fare Increase,Issued
1378682065,5/19/2026,DMK-CNX,Domestic,DD,1422000,1350900,Fare Increase,Issued
1360359443,12/19/2026,SUB-SOQ,Domestic,VN,503000,704200,Over Buffer,Refund
1344675192,5/27/2026,SIN-CGK,International,SL,962000,2405000,Normal,Issued
1311467535,1/8/2026,SGN-HAN,Domestic,VU,519000,596850,Fare Increase,Issued
1394068646,7/25/2026,SIN-CGK,International,JT,7633000,8777950,Fare Increase,Issued
1341898354,9/27/2026,DMK-CNX,Domestic,OD,809000,930350,Fare Increase,Issued
1350658960,10/22/2026,SUB-SOQ,Domestic,GK,10579000,10050050,Fare Increase,Issued
1367036281,8/13/2026,SIN-CGK,International,JT,883000,1236200,Fare Increase,Issued
1368088820,6/16/2026,SUB-SOQ,Domestic,AK,894000,2235000,Normal,Issued
1394975103,8/6/2026,SIN-CGK,International,AK,1663000,1912450,Normal,Issued
1375165097,11/4/2026,SIN-CGK,International,ID,10402000,11962300,Normal,Issued
1345768280,9/20/2026,SGN-HAN,Domestic,VZ,545000,763000,Fare Increase,Issued
1379161029,6/25/2026,SGN-HAN,Domestic,VN,548000,630200,Over Buffer,Refund
1395300591,5/18/2026,DMK-CNX,Domestic,SL,1281000,1473150,Over Buffer,Refund
1356989301,3/10/2026,SIN-CGK,International,ID,11743000,29357500,Over Buffer,Refund
1341960325,5/4/2026,DMK-CNX,Domestic,SL,1335000,1869000,Fare Increase,Issued
1331743303,6/22/2026,CGK-DPS,Domestic,QG,13466000,15485900,Over Buffer,Refund
1376406790,7/25/2026,CGK-DPS,Domestic,JT,1069000,1496600,Fare Increase,Issued
1370057444,5/9/2026,CGK-DPS,Domestic,JT,519000,1297500,Fare Increase,Issued
1380985209,9/22/2026,CGK-DPS,Domestic,JT,10708000,26770000,Over Buffer,Refund
1311709743,4/25/2026,SGN-HAN,Domestic,VU,1540000,1771000,Fare Increase,Issued
1351697466,6/1/2026,SUB-SOQ,Domestic,QG,10905000,15267000,Fare Increase,Issued
1382369394,11/18/2026,SGN-HAN,Domestic,VJ,13333000,12666350,Over Buffer,Refund
1348361741,1/15/2026,CGK-DPS,Domestic,GA,1715000,1629250,Fare Increase,Issued
1351679247,3/24/2026,CGK-DPS,Domestic,QG,1656000,1573200,Fare Increase,Issued
1359269310,7/11/2026,CGK-DPS,Domestic,GA,9381000,13133400,Normal,Issued
1398071695,9/23/2026,CGK-DPS,Domestic,GA,1121000,1569400,Normal,Issued
1357166754,4/16/2026,SGN-HAN,Domestic,VJ,1769000,4422500,Normal,Issued
1377771722,12/14/2026,SUB-SOQ,Domestic,IW,3237000,3075150,Fare Increase,Issued
1310964055,9/17/2026,SUB-SOQ,Domestic,ID,771000,886650,Over Buffer,Refund
1375081545,2/23/2026,SIN-CGK,International,AK,1225000,1715000,Over Buffer,Refund
1359712576,12/2/2026,DMK-CNX,Domestic,DD,503000,578450,Fare Increase,Issued
1323817772,6/22/2026,SIN-CGK,International,ID,14457000,20239800,Normal,Issued
1304944164,4/13/2026,DMK-CNX,Domestic,DD,1284000,1797600,Fare Increase,Issued
1333047878,9/14/2026,DMK-CNX,Domestic,DD,1075000,1021250,Normal,Issued
1307557951,3/14/2026,CGK-DPS,Domestic,JT,581000,551950,Normal,Issued
1354223662,5/9/2026,TPE-MEL,International,ID,4353000,4135350,Over Buffer,Refund
1304541723,12/10/2026,CGK-DPS,Domestic,QG,1065000,1224750,Fare Increase,Issued
1379423569,5/21/2026,DMK-CNX,Domestic,OD,2634000,6585000,Fare Increase,Issued
1377689953,12/23/2026,SGN-HAN,Domestic,VN,11372000,28430000,Fare Increase,Issued
1332494081,2/5/2026,SIN-CGK,International,AK,1739000,4347500,Fare Increase,Issued
1395212231,11/13/2026,DMK-CNX,Domestic,DD,508000,584200,Over Buffer,Refund
1385036097,8/9/2026,TPE-MEL,International,ID,733000,1832500,Normal,Issued
1312108911,10/15/2026,DMK-CNX,Domestic,SL,14962000,20946800,Normal,Issued
1308841100,7/25/2026,SGN-HAN,Domestic,VJ,1214000,1396100,Fare Increase,Issued
1306131944,2/20/2026,SIN-CGK,International,AK,1772000,4430000,Fare Increase,Issued
1334782297,1/28/2026,DMK-CNX,Domestic,OD,1181000,1653400,Over Buffer,Refund
1363067975,5/10/2026,TPE-MEL,International,AK,1262000,1451300,Over Buffer,Refund
1377358417,12/27/2026,TPE-MEL,International,JT,1573000,3932500,Over Buffer,Refund
1323309535,7/26/2026,SUB-SOQ,Domestic,FD,5974000,6870100,Fare Increase,Issued
1363936062,1/23/2026,DMK-CNX,Domestic,SL,13368000,18715200,Fare Increase,Issued
1396863415,12/14/2026,TPE-MEL,International,AK,1163000,1104850,Fare Increase,Issued
1370915794,5/14/2026,CGK-DPS,Domestic,JT,7464000,7090800,Fare Increase,Issued
1327039806,7/16/2026,SUB-SOQ,Domestic,SL,710000,674500,Normal,Issued
1366046189,5/18/2026,SIN-CGK,International,JT,463000,648200,Fare Increase,Issued
1385341304,6/19/2026,CGK-DPS,Domestic,JT,11009000,27522500,Over Buffer,Refund
1320229410,1/18/2026,SUB-SOQ,Domestic,VJ,1315000,3287500,Fare Increase,Issued
1358109250,11/26/2026,DMK-CNX,Domestic,OD,799000,918850,Fare Increase,Issued
1324514817,7/8/2026,TPE-MEL,International,SL,1386000,1316700,Fare Increase,Issued
1306180773,11/2/2026,CGK-DPS,Domestic,JT,1044000,1461600,Fare Increase,Issued
1302489559,12/24/2026,DMK-CNX,Domestic,SL,609000,578550,Fare Increase,Issued
1354370289,2/10/2026,SUB-SOQ,Domestic,SJ,1671000,1587450,Normal,Issued
1376685190,8/3/2026,SIN-CGK,International,TR,4820000,12050000,Over Buffer,Refund
1380533561,1/21/2026,DMK-CNX,Domestic,OD,617000,863800,Fare Increase,Issued
1344477957,1/8/2026,TPE-MEL,International,JT,1041000,1457400,Over Buffer,Refund
1302133032,11/16/2026,SIN-CGK,International,SL,720000,1008000,Fare Increase,Issued
1366630760,1/20/2026,DMK-CNX,Domestic,SL,1557000,1790550,Fare Increase,Issued
1399744054,10/7/2026,SGN-HAN,Domestic,VN,621000,1552500,Fare Increase,Issued
1325282709,12/22/2026,SUB-SOQ,Domestic,D7,1047000,994650,Fare Increase,Issued
1315280446,7/18/2026,TPE-MEL,International,AK,1069000,1015550,Fare Increase,Issued
1380825940,10/3/2026,SGN-HAN,Domestic,VU,944000,1321600,Fare Increase,Issued
1331643666,3/22/2026,CGK-DPS,Domestic,QG,1695000,1949250,Normal,Issued
1344519720,4/6/2026,SGN-HAN,Domestic,VJ,2904000,7260000,Normal,Issued
1389094842,6/28/2026,SGN-HAN,Domestic,VU,690000,1725000,Normal,Issued
1389492075,12/12/2026,SGN-HAN,Domestic,VJ,11064000,27660000,Fare Increase,Issued
1351307797,1/20/2026,SIN-CGK,International,SL,722000,1010800,Fare Increase,Issued
1383395172,10/13/2026,TPE-MEL,International,SL,763000,1068200,Fare Increase,Issued
1375490630,3/11/2026,DMK-CNX,Domestic,SL,1429000,1643350,Fare Increase,Issued
1335650481,4/10/2026,SIN-CGK,International,TR,1611000,1852650,Over Buffer,Refund
1311183237,8/14/2026,CGK-DPS,Domestic,QG,3779000,3590050,Over Buffer,Refund
1387994416,12/23/2026,SUB-SOQ,Domestic,D7,854000,982100,Fare Increase,Issued
1391680336,1/24/2026,SIN-CGK,International,TR,10707000,26767500,Fare Increase,Issued
1323777732,11/15/2026,DMK-CNX,Domestic,DD,14210000,16341500,Fare Increase,Issued
1351138391,10/27/2026,CGK-DPS,Domestic,QG,754000,1055600,Over Buffer,Refund
1346858461,7/24/2026,CGK-DPS,Domestic,JT,994000,1143100,Over Buffer,Refund
1305257856,6/1/2026,SGN-HAN,Domestic,VN,9144000,12801600,Fare Increase,Issued
1360446566,9/16/2026,CGK-DPS,Domestic,JT,1271000,1779400,Fare Increase,Issued
1350258195,5/28/2026,CGK-DPS,Domestic,JT,479000,455050,Over Buffer,Refund
1318209984,2/23/2026,TPE-MEL,International,ID,505000,1262500,Fare Increase,Issued
1335265015,6/9/2026,SUB-SOQ,Domestic,ID,1160000,1334000,Normal,Issued
1390449153,9/27/2026,CGK-DPS,Domestic,QG,1670000,4175000,Normal,Issued
1339100180,10/4/2026,DMK-CNX,Domestic,DD,694000,798100,Over Buffer,Refund
1386116584,9/22/2026,DMK-CNX,Domestic,DD,1716000,2402400,Fare Increase,Issued
1371014482,5/1/2026,SGN-HAN,Domestic,VN,1418000,1985200,Fare Increase,Issued
1353637702,9/5/2026,CGK-DPS,Domestic,QG,12843000,14769450,Fare Increase,Issued
1323647649,2/20/2026,DMK-CNX,Domestic,SL,517000,723800,Normal,Issued
1389429778,7/6/2026,CGK-DPS,Domestic,GA,1328000,1527200,Fare Increase,Issued
1338274180,11/3/2026,SGN-HAN,Domestic,VJ,5184000,4924800,Normal,Issued
1360080662,4/14/2026,TPE-MEL,International,AK,1559000,1481050,Fare Increase,Issued
1320340432,8/3/2026,SUB-SOQ,Domestic,5J,8499000,8074050,Normal,Issued
1372514034,9/28/2026,TPE-MEL,International,SL,516000,722400,Over Buffer,Refund
1335875264,2/7/2026,SGN-HAN,Domestic,VN,708000,814200,Fare Increase,Issued
1344121071,3/3/2026,SUB-SOQ,Domestic,OD,730000,839500,Normal,Issued
1365333268,5/24/2026,SGN-HAN,Domestic,VZ,5162000,5936300,Normal,Issued
1352580891,7/16/2026,SGN-HAN,Domestic,VN,2144000,5360000,Normal,Issued
1324887892,2/15/2026,SIN-CGK,International,JT,14738000,36845000,Normal,Issued
1311536889,11/6/2026,DMK-CNX,Domestic,SL,14657000,16855550,Normal,Issued
1340526350,10/9/2026,SIN-CGK,International,AK,13087000,18321800,Normal,Issued
1384869004,4/1/2026,TPE-MEL,International,TR,3845000,5383000,Normal,Issued
1377215958,2/27/2026,DMK-CNX,Domestic,DD,9985000,24962500,Normal,Issued
1338241417,4/19/2026,DMK-CNX,Domestic,DD,6814000,17035000,Normal,Issued
1353932166,2/22/2026,SIN-CGK,International,SL,9615000,13461000,Normal,Issued
1333961770,6/16/2026,SUB-SOQ,Domestic,OD,10192000,11720800,Normal,Issued
1380793999,2/10/2026,DMK-CNX,Domestic,OD,5603000,14007500,Normal,Issued
1313825196,6/1/2026,SGN-HAN,Domestic,VU,3218000,3700700,Normal,Issued
1322587173,5/6/2026,DMK-CNX,Domestic,OD,10628000,10096600,Normal,Issued
1327209903,11/24/2026,SUB-SOQ,Domestic,XJ,10008000,9507600,Normal,Issued
1354526580,1/14/2026,SGN-HAN,Domestic,VZ,4392000,10980000,Normal,Issued
1348729057,6/8/2026,CGK-DPS,Domestic,QG,14193000,16321950,Normal,Issued
1332486532,8/7/2026,SUB-SOQ,Domestic,AK,10604000,12194600,Normal,Issued
1374527187,8/4/2026,TPE-MEL,International,SL,5624000,6467600,Normal,Issued
1347692400,11/18/2026,SGN-HAN,Domestic,VJ,4373000,4154350,Normal,Issued
1379951287,4/15/2026,DMK-CNX,Domestic,OD,7969000,11156600,Normal,Issued
1391914546,4/25/2026,SIN-CGK,International,AK,9091000,8636450,Normal,Issued
1387753343,2/19/2026,SUB-SOQ,Domestic,GA,2542000,3558800,Normal,Issued
1385742463,5/19/2026,TPE-MEL,International,AK,2529000,2402550,Normal,Issued
1316930123,1/6/2026,DMK-CNX,Domestic,SL,4399000,10997500,Normal,Issued
1352063014,5/8/2026,CGK-DPS,Domestic,JT,4828000,6759200,Normal,Issued
1322328771,5/14/2026,SUB-SOQ,Domestic,XJ,3423000,3251850,Normal,Issued